,epochs,NMI,ARI,ACC
0,0,0.7941498441010085,0.7865790521936351,0.81315851088738
1,1,0.7942324101906856,0.7867091442581187,0.8136267852961836
