,epochs,NMI,ARI,ACC
0,0,0.95582459831493,0.9739125727349104,0.9889584100110416
1,1,0.9558708002038631,0.9744180857505778,0.9889584100110416
