,epochs,NMI,ARI,ACC
0,0,0.9579866699981346,0.9759244670428523,0.9885714285714285
1,1,0.9579866699981346,0.9759244670428523,0.9885714285714285
