,epochs,NMI,ARI,ACC
0,0,0.6530301679021446,0.5209215814306267,0.6982799808886765
1,1,0.6529408319177358,0.5207938383534236,0.6980410893454372
